,0,1,2,3,4
79,a,i,s,l,e
87,a,l,i,a,s
95,a,l,l,a,y
96,a,l,l,e,y
99,a,l,l,o,y
100,a,l,o,e,s
168,a,r,e,a,l
169,a,r,e,a,s
176,a,r,i,a,s
177,a,r,i,s,e
180,a,r,o,s,e
181,a,r,r,a,y
191,a,s,s,a,y
192,a,s,s,e,s
207,a,u,r,a,l
208,a,u,r,a,s
1105,e,a,r,l,s
1106,e,a,r,l,y
1110,e,a,s,e,l
1111,e,a,s,e,s
1123,e,e,r,i,e
1170,e,r,a,s,e
1175,e,r,o,s,e
1177,e,r,r,o,r
1179,e,s,s,a,y
1873,i,s,l,e,s
1875,i,s,s,u,e
2001,l,a,i,r,s
2020,l,a,s,e,r
2021,l,a,s,s,o
2035,l,a,y,e,r
2047,l,e,a,s,e
2055,l,e,e,r,s
2070,l,i,a,r,s
2118,l,o,e,s,s
2124,l,o,i,r,e
2125,l,o,l,l,y
2133,l,o,o,s,e
2138,l,o,r,r,y
2139,l,o,s,e,r
2140,l,o,s,e,s
2143,l,o,u,i,s
2144,l,o,u,s,e
2145,l,o,u,s,y
2152,l,o,y,a,l
2156,l,u,l,l,s
2167,l,u,r,e,s
2179,l,y,r,e,s
2480,o,a,s,e,s
2481,o,a,s,i,s
2502,o,i,l,e,r
2887,r,a,i,l,s
2890,r,a,i,s,e
2894,r,a,l,l,y
2907,r,a,r,e,r
2931,r,e,a,l,s
2935,r,e,a,r,s
2946,r,e,e,l,s
2955,r,e,l,a,y
2971,r,e,s,e,a
2979,r,e,u,s,e
2986,r,i,a,l,s
2998,r,i,l,e,s
2999,r,i,l,l,s
3008,r,i,s,e,r
3009,r,i,s,e,s
3020,r,o,a,r,s
3030,r,o,l,e,s
3031,r,o,l,l,s
3042,r,o,s,e,s
3049,r,o,u,s,e
3058,r,o,y,a,l
3066,r,u,l,e,r
3067,r,u,l,e,s
3077,r,u,r,a,l
3092,s,a,i,l,s
3097,s,a,l,e,s
3098,s,a,l,l,y
3100,s,a,l,s,a
3111,s,a,r,i,s
3168,s,e,a,l,s
3171,s,e,a,r,s
3181,s,e,e,r,s
3184,s,e,l,l,s
3188,s,e,o,u,l
3190,s,e,r,a,i
3284,s,i,l,l,y
3297,s,i,r,e,s
3298,s,i,s,a,l
3299,s,i,s,s,y
3341,s,l,a,y,s
3350,s,l,i,l,y
3373,s,l,u,r,s
3376,s,l,y,e,r
3377,s,l,y,l,y
3424,s,o,a,r,s
3433,s,o,i,l,s
3434,s,o,l,a,r
3435,s,o,l,e,r
3436,s,o,l,e,s
3449,s,o,r,e,s
3450,s,o,r,r,y
3454,s,o,u,l,s
3458,s,o,u,r,s
3618,s,u,l,l,y
3623,s,u,r,e,r
3626,s,u,r,l,y
3665,s,y,r,i,a
3974,u,s,e,r,s
3977,u,s,u,a,l
3979,u,s,u,r,y
4236,y,e,a,r,s
4238,y,e,l,l,s
4249,y,o,u,r,s
